{"cameraMode":{"drawMode":0,"name":"Shaded","section":"Shading Mode"},"sceneLighting":false,"audioPlay":false,"sceneViewState":{"m_AlwaysRefresh":false,"showFog":true,"showSkybox":true,"showFlares":true,"showImageEffects":true,"showParticleSystems":true,"showVisualEffectGraphs":true,"m_FxEnabled":true},"in2DMode":false,"pivot":{"x":126.60655975341797,"y":30.47245216369629,"z":103.69193267822266},"rotation":{"x":-0.027797682210803033,"y":0.9511033296585083,"z":-0.2942107021808624,"w":-0.08986439555883408},"size":12.76732063293457,"orthographic":false}